{
    "anchoredPosition": {
        "x": -0.219970703125,
        "y": 96.47769165039063
    },
    "sizeDelta": {
        "x": -0.44000244140625,
        "y": 191.1345977783203
    },
    "anchorMin": {
        "x": 0.0,
        "y": 0.0
    },
    "anchorMax": {
        "x": 1.0,
        "y": 0.0
    },
    "pivot": {
        "x": 0.5,
        "y": 0.5
    },
    "layoutGroup": {
        "padding": {
            "m_Left": 0,
            "m_Right": 0,
            "m_Top": 0,
            "m_Bottom": 0
        },
        "spacing": 0.0,
        "childAlignment": 0
    }
}