{
    "anchoredPosition": {
        "x": -211.71949768066407,
        "y": -38.11946105957031
    },
    "sizeDelta": {
        "x": -554.0324096679688,
        "y": -155.9210968017578
    },
    "anchorMin": {
        "x": 0.0,
        "y": 0.0
    },
    "anchorMax": {
        "x": 1.0,
        "y": 1.0
    },
    "pivot": {
        "x": 0.5,
        "y": 0.5
    },
    "layoutGroup": {
        "padding": {
            "m_Left": 10,
            "m_Right": 10,
            "m_Top": 10,
            "m_Bottom": 10
        },
        "spacing": 10.0,
        "childAlignment": 1
    },
    "fitterMode": ""
}