{
    "anchoredPosition": {
        "x": -217.61077880859376,
        "y": -9.7950439453125
    },
    "sizeDelta": {
        "x": -565.8151245117188,
        "y": -212.57000732421876
    },
    "anchorMin": {
        "x": 0.0,
        "y": 0.0
    },
    "anchorMax": {
        "x": 1.0,
        "y": 1.0
    },
    "pivot": {
        "x": 0.5,
        "y": 0.5
    },
    "layoutGroup": {
        "padding": {
            "m_Left": 10,
            "m_Right": 10,
            "m_Top": 10,
            "m_Bottom": 10
        },
        "spacing": 10.0,
        "childAlignment": 1
    }
}