{
    "anchoredPosition": {
        "x": 1.300018310546875,
        "y": -0.00001215900010720361
    },
    "sizeDelta": {
        "x": 29.6476993560791,
        "y": 26.740999221801759
    },
    "anchorMin": {
        "x": 0.0,
        "y": 0.5
    },
    "anchorMax": {
        "x": 0.0,
        "y": 0.5
    },
    "pivot": {
        "x": 0.5,
        "y": 0.5
    },
    "layoutGroup": {
        "padding": {
            "m_Left": 0,
            "m_Right": 0,
            "m_Top": 0,
            "m_Bottom": 0
        },
        "spacing": 0.0,
        "childAlignment": 0
    }
}