{
    "anchoredPosition": {
        "x": 253.77999877929688,
        "y": -44.03364944458008
    },
    "sizeDelta": {
        "x": 487.55999755859377,
        "y": 88.06729888916016
    },
    "anchorMin": {
        "x": 0.0,
        "y": 1.0
    },
    "anchorMax": {
        "x": 0.0,
        "y": 1.0
    },
    "pivot": {
        "x": 0.5,
        "y": 0.5
    },
    "layoutGroup": {
        "padding": {
            "m_Left": 5,
            "m_Right": 5,
            "m_Top": 0,
            "m_Bottom": 0
        },
        "spacing": 0.0,
        "childAlignment": 4
    }
}