{
    "position": {
        "x": 0.019999999552965165,
        "y": 1.9800000190734864,
        "z": -10.0
    },
    "rotation": {
        "x": 0.0,
        "y": 0.0,
        "z": 0.0,
        "w": 1.0
    },
    "orthographic": true,
    "orthographicSize": 3.3006062507629396,
    "fieldOfView": 60.0
}