{
    "anchoredPosition": {
        "x": 253.84190368652345,
        "y": -28.52243423461914
    },
    "sizeDelta": {
        "x": 487.6838073730469,
        "y": 57.04486846923828
    },
    "anchorMin": {
        "x": 0.0,
        "y": 1.0
    },
    "anchorMax": {
        "x": 0.0,
        "y": 1.0
    },
    "pivot": {
        "x": 0.5,
        "y": 0.5
    },
    "layoutGroup": {
        "padding": {
            "m_Left": 5,
            "m_Right": 5,
            "m_Top": 0,
            "m_Bottom": 0
        },
        "spacing": 0.0,
        "childAlignment": 4
    }
}