{
    "anchoredPosition": {
        "x": 190.95999145507813,
        "y": -301.5333557128906
    },
    "sizeDelta": {
        "x": 361.91998291015627,
        "y": 104.61333465576172
    },
    "anchorMin": {
        "x": 0.0,
        "y": 1.0
    },
    "anchorMax": {
        "x": 0.0,
        "y": 1.0
    },
    "pivot": {
        "x": 0.5,
        "y": 0.5
    },
    "layoutGroup": {
        "padding": {
            "m_Left": 5,
            "m_Right": 5,
            "m_Top": 0,
            "m_Bottom": 0
        },
        "spacing": 0.0,
        "childAlignment": 4
    },
    "fitterMode": ""
}