{
    "anchoredPosition": {
        "x": -221.62939453125,
        "y": -34.65370178222656
    },
    "sizeDelta": {
        "x": -573.8521728515625,
        "y": -101.56269836425781
    },
    "anchorMin": {
        "x": 0.0,
        "y": 0.0
    },
    "anchorMax": {
        "x": 1.0,
        "y": 1.0
    },
    "pivot": {
        "x": 0.5,
        "y": 0.5
    },
    "layoutGroup": {
        "padding": {
            "m_Left": 10,
            "m_Right": 10,
            "m_Top": 10,
            "m_Bottom": 10
        },
        "spacing": 10.0,
        "childAlignment": 1
    }
}