{
    "anchoredPosition": {
        "x": 174.07391357421876,
        "y": -80.42074584960938
    },
    "sizeDelta": {
        "x": 328.1478271484375,
        "y": 25.387165069580079
    },
    "anchorMin": {
        "x": 0.0,
        "y": 0.0
    },
    "anchorMax": {
        "x": 0.0,
        "y": 0.0
    },
    "pivot": {
        "x": 0.5,
        "y": 0.5
    },
    "layoutGroup": {
        "padding": {
            "m_Left": 0,
            "m_Right": 0,
            "m_Top": 0,
            "m_Bottom": 0
        },
        "spacing": 0.0,
        "childAlignment": 0
    }
}