{
    "anchoredPosition": {
        "x": 207.42124938964845,
        "y": -26.7520809173584
    },
    "sizeDelta": {
        "x": 131.61416625976563,
        "y": 53.5041618347168
    },
    "anchorMin": {
        "x": 0.0,
        "y": 1.0
    },
    "anchorMax": {
        "x": 0.0,
        "y": 1.0
    },
    "pivot": {
        "x": 0.5,
        "y": 0.5
    },
    "layoutGroup": {
        "padding": {
            "m_Left": 0,
            "m_Right": 0,
            "m_Top": 0,
            "m_Bottom": 0
        },
        "spacing": 0.0,
        "childAlignment": 0
    }
}