{
    "anchoredPosition": {
        "x": 54.29999923706055,
        "y": -58.599910736083987
    },
    "sizeDelta": {
        "x": 37.52320098876953,
        "y": 33.97370147705078
    },
    "anchorMin": {
        "x": 0.0,
        "y": 1.0
    },
    "anchorMax": {
        "x": 0.0,
        "y": 1.0
    },
    "pivot": {
        "x": 0.5,
        "y": 0.5
    },
    "layoutGroup": {
        "padding": {
            "m_Left": 0,
            "m_Right": 0,
            "m_Top": 0,
            "m_Bottom": 0
        },
        "spacing": 0.0,
        "childAlignment": 0
    },
    "fitterMode": ""
}