{
    "anchoredPosition": {
        "x": 183.98379516601563,
        "y": -66.40420532226563
    },
    "sizeDelta": {
        "x": 347.96759033203127,
        "y": 24.62329864501953
    },
    "anchorMin": {
        "x": 0.0,
        "y": 0.0
    },
    "anchorMax": {
        "x": 0.0,
        "y": 0.0
    },
    "pivot": {
        "x": 0.5,
        "y": 0.5
    },
    "layoutGroup": {
        "padding": {
            "m_Left": 0,
            "m_Right": 0,
            "m_Top": 0,
            "m_Bottom": 0
        },
        "spacing": 0.0,
        "childAlignment": 0
    },
    "fitterMode": ""
}