{
    "anchoredPosition": {
        "x": 171.61416625976563,
        "y": -31.040283203125
    },
    "sizeDelta": {
        "x": 323.22833251953127,
        "y": 42.08047866821289
    },
    "anchorMin": {
        "x": 0.0,
        "y": 1.0
    },
    "anchorMax": {
        "x": 0.0,
        "y": 1.0
    },
    "pivot": {
        "x": 0.5,
        "y": 0.5
    },
    "layoutGroup": {
        "padding": {
            "m_Left": 0,
            "m_Right": 0,
            "m_Top": 0,
            "m_Bottom": 0
        },
        "spacing": 0.0,
        "childAlignment": 0
    }
}