{
    "anchoredPosition": {
        "x": 0.280029296875,
        "y": 129.17498779296876
    },
    "sizeDelta": {
        "x": 0.55999755859375,
        "y": 258.3499755859375
    },
    "anchorMin": {
        "x": 0.0,
        "y": 0.0
    },
    "anchorMax": {
        "x": 1.0,
        "y": 0.0
    },
    "pivot": {
        "x": 1.0,
        "y": 0.5
    },
    "layoutGroup": {
        "padding": {
            "m_Left": 0,
            "m_Right": 0,
            "m_Top": 0,
            "m_Bottom": 0
        },
        "spacing": 0.0,
        "childAlignment": 0
    }
}